,사고번호,사고일시,요일,시군구,사고내용,사망자수,중상자수,경상자수,부상신고자수,사고유형,법규위반,노면상태,기상상태,도로형태,가해운전자 차종,가해운전자 성별,가해운전자 연령,가해운전자 상해정도,피해운전자 차종,피해운전자 성별,피해운전자 연령,피해운전자 상해정도
83,2021062900100204,2021년 6월 29일 11시,화요일,경상남도 거제시 아주동,중상사고,0,1,0,0,차대사람 - 횡단중,보행자보호의무위반,포장 - 건조,맑음,교차로 - 교차로횡단보도내,승용,여,41세,상해없음,보행자,여,8세,중상
84,2021063000100563,2021년 6월 30일 20시,수요일,경상남도 거제시 고현동,경상사고,0,0,1,0,차대사람 - 기타,안전운전불이행,포장 - 건조,맑음,기타 - 기타,승용,남,55세,상해없음,보행자,여,36세,경상
85,2021070200100104,2021년 7월 2일 08시,금요일,경상남도 거제시 옥포동,경상사고,0,0,1,0,차대사람 - 횡단중,보행자보호의무위반,포장 - 건조,맑음,교차로 - 교차로횡단보도내,승용,여,21세,상해없음,보행자,여,7세,경상
86,2021070400100154,2021년 7월 4일 12시,일요일,경상남도 거제시 일운면,중상사고,0,1,0,0,차대사람 - 횡단중,보행자보호의무위반,포장 - 건조,맑음,단일로 - 기타,이륜,남,27세,상해없음,보행자,여,12세,중상
87,2021070400100183,2021년 7월 4일 13시,일요일,경상남도 거제시 고현동,경상사고,0,0,1,0,차대사람 - 기타,안전운전불이행,포장 - 건조,맑음,단일로 - 기타,승용,남,62세,상해없음,보행자,남,61세,경상
88,2021070600100052,2021년 7월 6일 06시,화요일,경상남도 거제시 옥포동,경상사고,0,0,1,0,차대사람 - 기타,보행자보호의무위반,포장 - 젖음/습기,비,교차로 - 교차로횡단보도내,승용,남,65세,상해없음,보행자,남,32세,경상
89,2021070800100100,2021년 7월 8일 08시,목요일,경상남도 거제시 고현동,경상사고,0,0,1,0,차대사람 - 기타,안전운전불이행,포장 - 건조,맑음,교차로 - 교차로부근,승용,여,38세,상해없음,보행자,여,57세,경상
90,2021070900100462,2021년 7월 9일 18시,금요일,경상남도 거제시 양정동,중상사고,0,1,0,0,차대사람 - 기타,보행자보호의무위반,포장 - 건조,맑음,교차로 - 교차로부근,화물,남,48세,상해없음,보행자,남,55세,중상
91,2021071500100105,2021년 7월 15일 08시,목요일,경상남도 거제시 고현동,중상사고,0,1,0,0,차대사람 - 차도통행중,안전운전불이행,포장 - 건조,맑음,단일로 - 기타,승용,남,41세,상해없음,보행자,여,87세,중상
92,2021072100100599,2021년 7월 21일 20시,수요일,경상남도 거제시 동부면,중상사고,0,1,1,0,차대사람 - 기타,안전운전불이행,포장 - 건조,맑음,교차로 - 교차로안,이륜,남,42세,경상,보행자,여,76세,중상
93,2021072200100410,2021년 7월 22일 16시,목요일,경상남도 거제시 고현동,경상사고,0,0,1,0,차대사람 - 기타,안전운전불이행,포장 - 건조,맑음,단일로 - 기타,승용,남,67세,상해없음,보행자,여,82세,경상
94,2021072500100202,2021년 7월 25일 14시,일요일,경상남도 거제시 장승포동,중상사고,0,1,0,0,차대사람 - 기타,안전운전불이행,포장 - 건조,맑음,교차로 - 교차로안,이륜,남,23세,상해없음,보행자,여,79세,중상
95,2021072600100020,2021년 7월 26일 04시,월요일,경상남도 거제시 옥포동,중상사고,0,1,0,0,차대사람 - 기타,과속,포장 - 건조,맑음,교차로 - 교차로안,승용,남,25세,상해없음,보행자,여,49세,중상
96,2021072600100297,2021년 7월 26일 13시,월요일,경상남도 거제시 아주동,경상사고,0,0,1,0,차대사람 - 횡단중,신호위반,포장 - 건조,맑음,교차로 - 교차로안,승용,남,51세,상해없음,보행자,여,17세,경상
97,2021073000100179,2021년 7월 30일 11시,금요일,경상남도 거제시 연초면,경상사고,0,0,2,0,차대사람 - 횡단중,보행자보호의무위반,포장 - 건조,맑음,단일로 - 기타,승용,남,73세,상해없음,보행자,남,7세,경상
98,2021073000100267,2021년 7월 30일 13시,금요일,경상남도 거제시 능포동,부상신고사고,0,0,0,1,차대사람 - 기타,기타,포장 - 건조,맑음,단일로 - 기타,승합,남,58세,상해없음,보행자,여,65세,부상신고
99,2021080900100350,2021년 8월 9일 15시,월요일,경상남도 거제시 아주동,중상사고,0,1,0,0,차대사람 - 횡단중,보행자보호의무위반,포장 - 건조,맑음,교차로 - 교차로횡단보도내,화물,남,75세,상해없음,보행자,남,41세,중상
100,2021081200100496,2021년 8월 12일 20시,목요일,경상남도 거제시 고현동,경상사고,0,0,1,0,차대사람 - 횡단중,안전운전불이행,포장 - 건조,맑음,교차로 - 교차로횡단보도내,승용,남,36세,상해없음,보행자,남,41세,경상
101,2021081300100513,2021년 8월 13일 20시,금요일,경상남도 거제시 고현동,중상사고,0,1,0,0,차대사람 - 기타,보행자보호의무위반,포장 - 건조,맑음,기타 - 기타,화물,남,71세,상해없음,보행자,여,62세,중상
102,2021081600100139,2021년 8월 16일 12시,월요일,경상남도 거제시 아주동,중상사고,0,1,0,0,차대사람 - 기타,안전운전불이행,포장 - 건조,맑음,기타 - 기타,승용,남,35세,상해없음,보행자,남,66세,중상
103,2021081700100045,2021년 8월 17일 07시,화요일,경상남도 거제시 장평동,경상사고,0,0,1,0,차대사람 - 기타,보행자보호의무위반,포장 - 건조,맑음,교차로 - 교차로부근,승용,여,49세,상해없음,보행자,여,16세,경상
104,2021081700100292,2021년 8월 17일 14시,화요일,경상남도 거제시 상동동,경상사고,0,0,1,0,차대사람 - 횡단중,보행자보호의무위반,포장 - 건조,맑음,교차로 - 교차로횡단보도내,자전거,남,52세,상해없음,보행자,여,40세,경상
105,2021082500100382,2021년 8월 25일 17시,수요일,경상남도 거제시 옥포동,경상사고,0,0,1,0,차대사람 - 차도통행중,안전운전불이행,포장 - 젖음/습기,비,단일로 - 기타,승용,남,49세,상해없음,보행자,남,10세,경상
106,2021090100100010,2021년 9월 1일 01시,수요일,경상남도 거제시 고현동,경상사고,0,0,1,0,차대사람 - 기타,안전운전불이행,포장 - 건조,맑음,교차로 - 교차로안,승용,남,51세,상해없음,보행자,남,44세,경상
107,2021090100100427,2021년 9월 1일 19시,수요일,경상남도 거제시 사등면,중상사고,0,1,0,0,차대사람 - 기타,안전운전불이행,포장 - 젖음/습기,비,단일로 - 기타,승용,남,58세,상해없음,보행자,여,54세,중상
108,2021090200100055,2021년 9월 2일 07시,목요일,경상남도 거제시 장평동,경상사고,0,0,1,0,차대사람 - 횡단중,보행자보호의무위반,포장 - 젖음/습기,비,교차로 - 교차로안,승용,남,25세,상해없음,보행자,여,29세,경상
109,2021090400100069,2021년 9월 4일 08시,토요일,경상남도 거제시 거제면,중상사고,0,1,0,0,차대사람 - 기타,안전운전불이행,포장 - 건조,맑음,단일로 - 기타,승용,남,68세,상해없음,보행자,여,53세,중상
110,2021090700100200,2021년 9월 7일 11시,화요일,경상남도 거제시 옥포동,경상사고,0,0,1,0,차대사람 - 기타,안전운전불이행,포장 - 젖음/습기,흐림,단일로 - 기타,화물,남,46세,상해없음,보행자,남,10세,경상
111,2021090800100370,2021년 9월 8일 15시,수요일,경상남도 거제시 장평동,경상사고,0,0,1,0,차대사람 - 횡단중,보행자보호의무위반,포장 - 건조,맑음,교차로 - 교차로횡단보도내,개인형이동수단(PM),남,35세,상해없음,보행자,남,7세,경상
112,2021091000100259,2021년 9월 10일 13시,금요일,경상남도 거제시 아주동,중상사고,0,1,0,0,차대사람 - 기타,기타,포장 - 젖음/습기,비,단일로 - 기타,승합,남,63세,상해없음,보행자,여,88세,중상
113,2021091100100489,2021년 9월 11일 17시,토요일,경상남도 거제시 장평동,경상사고,0,0,1,0,차대사람 - 차도통행중,안전운전불이행,포장 - 건조,맑음,기타 - 기타,승용,남,32세,상해없음,보행자,여,10세,경상
114,2021091200100098,2021년 9월 12일 11시,일요일,경상남도 거제시 고현동,중상사고,0,1,0,0,차대사람 - 횡단중,보행자보호의무위반,포장 - 건조,맑음,기타 - 기타,승용,여,58세,상해없음,보행자,여,28세,중상
115,2021091500100372,2021년 9월 15일 14시,수요일,경상남도 거제시 덕포동,경상사고,0,0,1,0,차대사람 - 기타,안전운전불이행,포장 - 건조,맑음,교차로 - 교차로부근,승용,남,39세,상해없음,보행자,남,12세,경상
116,2021091500100474,2021년 9월 15일 16시,수요일,경상남도 거제시 고현동,부상신고사고,0,0,0,1,차대사람 - 기타,보행자보호의무위반,포장 - 건조,맑음,교차로 - 교차로횡단보도내,승용,남,68세,상해없음,보행자,여,49세,부상신고
117,2021091500100711,2021년 9월 15일 21시,수요일,경상남도 거제시 아주동,중상사고,0,1,0,0,차대사람 - 길가장자리구역통행중,안전운전불이행,포장 - 건조,맑음,단일로 - 기타,승용,남,29세,상해없음,보행자,남,41세,중상
118,2021091600100211,2021년 9월 16일 11시,목요일,경상남도 거제시 일운면,중상사고,0,1,0,0,차대사람 - 기타,안전운전불이행,포장 - 건조,맑음,주차장 - 주차장,화물,남,62세,상해없음,보행자,여,87세,중상
119,2021092600100105,2021년 9월 26일 11시,일요일,경상남도 거제시 고현동,경상사고,0,0,1,0,차대사람 - 기타,안전운전불이행,포장 - 건조,맑음,교차로 - 교차로부근,이륜,남,43세,상해없음,보행자,여,41세,경상
120,2021092900100511,2021년 9월 29일 19시,수요일,경상남도 거제시 장목면,중상사고,0,1,1,0,차대사람 - 길가장자리구역통행중,안전운전불이행,포장 - 건조,맑음,단일로 - 기타,승용,남,37세,상해없음,보행자,여,47세,중상
121,2021092900100575,2021년 9월 29일 21시,수요일,경상남도 거제시 장평동,중상사고,0,1,0,0,차대사람 - 기타,보행자보호의무위반,포장 - 젖음/습기,비,교차로 - 교차로부근,이륜,남,37세,상해없음,보행자,여,51세,중상
122,2021100300100009,2021년 10월 3일 00시,일요일,경상남도 거제시 옥포동,중상사고,0,1,0,0,차대사람 - 차도통행중,안전운전불이행,포장 - 건조,맑음,교차로 - 교차로안,특수,남,25세,상해없음,보행자,여,65세,중상
123,2021100400100499,2021년 10월 4일 23시,월요일,경상남도 거제시 옥포동,경상사고,0,0,4,0,차대사람 - 차도통행중,안전운전불이행,포장 - 건조,맑음,단일로 - 기타,승용,남,38세,상해없음,보행자,남,18세,경상
124,2021100700100337,2021년 10월 7일 15시,목요일,경상남도 거제시 아주동,경상사고,0,0,1,0,차대사람 - 횡단중,보행자보호의무위반,포장 - 건조,맑음,교차로 - 교차로안,승용,여,57세,상해없음,보행자,여,44세,경상
125,2021100800100385,2021년 10월 8일 16시,금요일,경상남도 거제시 고현동,경상사고,0,0,1,0,차대사람 - 기타,보행자보호의무위반,포장 - 건조,맑음,단일로 - 기타,승용,남,62세,상해없음,보행자,여,21세,경상
126,2021100900100397,2021년 10월 9일 18시,토요일,경상남도 거제시 옥포동,경상사고,0,0,1,0,차대사람 - 차도통행중,안전운전불이행,포장 - 건조,맑음,교차로 - 교차로안,승용,남,44세,상해없음,보행자,여,66세,경상
127,2021100900100578,2021년 10월 9일 23시,토요일,경상남도 거제시 연초면,중상사고,0,2,0,0,차대사람 - 차도통행중,안전운전불이행,포장 - 건조,맑음,단일로 - 기타,승용,남,44세,상해없음,보행자,여,46세,중상
128,2021101500100097,2021년 10월 15일 08시,금요일,경상남도 거제시 고현동,경상사고,0,0,1,0,차대사람 - 횡단중,안전운전불이행,포장 - 건조,맑음,교차로 - 교차로안,승용,여,32세,상해없음,보행자,여,18세,경상
129,2021101800100536,2021년 10월 18일 18시,월요일,경상남도 거제시 고현동,중상사고,0,1,1,0,차대사람 - 횡단중,보행자보호의무위반,포장 - 건조,맑음,교차로 - 교차로부근,이륜,남,30세,경상,보행자,여,14세,중상
130,2021101800100616,2021년 10월 18일 20시,월요일,경상남도 거제시 사등면,중상사고,0,1,0,0,차대사람 - 횡단중,안전운전불이행,포장 - 건조,맑음,단일로 - 기타,승용,여,31세,상해없음,보행자,남,49세,중상
131,2021101900100494,2021년 10월 19일 19시,화요일,경상남도 거제시 능포동,경상사고,0,0,1,0,차대사람 - 횡단중,안전운전불이행,포장 - 건조,맑음,교차로 - 교차로부근,이륜,남,39세,상해없음,보행자,여,49세,경상
132,2021101900100517,2021년 10월 19일 20시,화요일,경상남도 거제시 옥포동,중상사고,0,1,0,0,차대사람 - 횡단중,안전운전불이행,포장 - 건조,맑음,교차로 - 교차로안,승용,여,34세,상해없음,보행자,남,36세,중상
133,2021102000100220,2021년 10월 20일 12시,수요일,경상남도 거제시 옥포동,경상사고,0,0,1,0,차대사람 - 횡단중,안전운전불이행,포장 - 건조,맑음,교차로 - 교차로안,승용,여,42세,상해없음,보행자,여,63세,경상
134,2021102100100121,2021년 10월 21일 09시,목요일,경상남도 거제시 고현동,중상사고,0,1,0,0,차대사람 - 횡단중,보행자보호의무위반,포장 - 젖음/습기,비,교차로 - 교차로횡단보도내,승용,남,69세,상해없음,보행자,여,64세,중상
135,2021102100100248,2021년 10월 21일 13시,목요일,경상남도 거제시 고현동,중상사고,0,1,0,0,차대사람 - 횡단중,보행자보호의무위반,포장 - 젖음/습기,비,교차로 - 교차로횡단보도내,승용,남,54세,상해없음,보행자,남,7세,중상
136,2021102300100354,2021년 10월 23일 15시,토요일,경상남도 거제시 일운면,경상사고,0,0,1,0,차대사람 - 차도통행중,안전운전불이행,포장 - 건조,맑음,기타 - 기타,승용,남,32세,상해없음,보행자,남,8세,경상
137,2021102400100464,2021년 10월 24일 21시,일요일,경상남도 거제시 고현동,중상사고,0,1,1,0,차대사람 - 기타,안전운전불이행,포장 - 건조,맑음,교차로 - 교차로횡단보도내,이륜,남,45세,경상,보행자,남,51세,중상
138,2021102600100252,2021년 10월 26일 13시,화요일,경상남도 거제시 능포동,중상사고,0,1,0,0,차대사람 - 기타,안전운전불이행,포장 - 건조,맑음,기타 - 기타,화물,남,35세,상해없음,보행자,여,88세,중상
139,2021102700100153,2021년 10월 27일 10시,수요일,경상남도 거제시 고현동,중상사고,0,1,0,0,차대사람 - 횡단중,보행자보호의무위반,포장 - 건조,맑음,교차로 - 교차로횡단보도내,승용,여,58세,상해없음,보행자,여,64세,중상
140,2021102700100404,2021년 10월 27일 17시,수요일,경상남도 거제시 고현동,경상사고,0,0,1,0,차대사람 - 차도통행중,안전운전불이행,포장 - 건조,맑음,단일로 - 기타,승용,남,63세,상해없음,보행자,남,43세,경상
141,2021103100100013,2021년 10월 31일 00시,일요일,경상남도 거제시 장평동,사망사고,1,0,0,0,차대사람 - 횡단중,보행자보호의무위반,포장 - 건조,맑음,교차로 - 교차로횡단보도내,화물,남,35세,상해없음,보행자,남,52세,사망
142,2021110200100377,2021년 11월 2일 16시,화요일,경상남도 거제시 고현동,중상사고,0,1,0,0,차대사람 - 횡단중,중앙선침범,포장 - 건조,맑음,단일로 - 기타,이륜,남,27세,상해없음,보행자,여,60세,중상
143,2021110300100071,2021년 11월 3일 07시,수요일,경상남도 거제시 장평동,사망사고,1,0,0,0,차대사람 - 차도통행중,안전운전불이행,포장 - 건조,맑음,단일로 - 기타,승합,남,68세,상해없음,보행자,남,60세,사망
144,2021110300100114,2021년 11월 3일 08시,수요일,경상남도 거제시 하청면,경상사고,0,0,1,0,차대사람 - 차도통행중,안전운전불이행,포장 - 건조,맑음,단일로 - 기타,화물,남,63세,상해없음,보행자,남,8세,경상
145,2021110600100632,2021년 11월 6일 23시,토요일,경상남도 거제시 두모동,사망사고,1,0,0,0,차대사람 - 차도통행중,안전운전불이행,포장 - 건조,맑음,단일로 - 기타,승용,남,54세,상해없음,보행자,남,85세,사망
146,2021111100100554,2021년 11월 11일 19시,목요일,경상남도 거제시 옥포동,경상사고,0,0,1,0,차대사람 - 기타,안전운전불이행,포장 - 건조,맑음,기타 - 기타,승용,여,55세,상해없음,보행자,여,51세,경상
147,2021111300100543,2021년 11월 13일 19시,토요일,경상남도 거제시 고현동,경상사고,0,0,1,0,차대사람 - 차도통행중,안전운전불이행,포장 - 건조,맑음,단일로 - 기타,화물,남,57세,상해없음,보행자,남,15세,경상
148,2021111500100036,2021년 11월 15일 04시,월요일,경상남도 거제시 사등면,중상사고,0,1,0,0,차대사람 - 기타,안전운전불이행,포장 - 건조,맑음,단일로 - 기타,화물,남,47세,상해없음,보행자,남,89세,중상
149,2021111900100348,2021년 11월 19일 15시,금요일,경상남도 거제시 수월동,부상신고사고,0,0,0,1,차대사람 - 기타,안전운전불이행,포장 - 건조,맑음,단일로 - 기타,승용,여,42세,상해없음,보행자,여,9세,부상신고
150,2021112000100112,2021년 11월 20일 08시,토요일,경상남도 거제시 고현동,중상사고,0,1,0,0,차대사람 - 기타,안전운전불이행,포장 - 건조,맑음,단일로 - 기타,승합,남,53세,상해없음,보행자,여,30세,중상
151,2021112300100404,2021년 11월 23일 17시,화요일,경상남도 거제시 능포동,경상사고,0,0,1,0,차대사람 - 기타,안전운전불이행,포장 - 건조,맑음,주차장 - 주차장,승용,남,47세,상해없음,보행자,남,7세,경상
152,2021112500100480,2021년 11월 25일 17시,목요일,경상남도 거제시 일운면,경상사고,0,0,2,0,차대사람 - 기타,안전운전불이행,포장 - 건조,맑음,기타 - 기타,승용,남,57세,상해없음,보행자,여,52세,경상
153,2021112500100673,2021년 11월 25일 23시,목요일,경상남도 거제시 옥포동,부상신고사고,0,0,0,1,차대사람 - 기타,안전운전불이행,포장 - 건조,맑음,교차로 - 교차로안,승용,남,55세,상해없음,보행자,남,42세,부상신고
154,2021112600100140,2021년 11월 26일 08시,금요일,경상남도 거제시 고현동,경상사고,0,0,1,0,차대사람 - 기타,안전운전불이행,포장 - 건조,맑음,교차로 - 교차로안,기타불명,기타불명,미분류,기타불명,보행자,여,15세,경상
155,2021112700100307,2021년 11월 27일 14시,토요일,경상남도 거제시 옥포동,경상사고,0,0,2,0,차대사람 - 횡단중,보행자보호의무위반,포장 - 건조,맑음,교차로 - 교차로횡단보도내,승용,남,67세,상해없음,보행자,남,19세,경상
156,2021120600100481,2021년 12월 6일 19시,월요일,경상남도 거제시 동부면,경상사고,0,0,1,0,차대사람 - 차도통행중,안전운전불이행,포장 - 건조,맑음,단일로 - 기타,승용,여,52세,상해없음,보행자,남,59세,경상
157,2021121500100516,2021년 12월 15일 19시,수요일,경상남도 거제시 옥포동,중상사고,0,1,0,0,차대사람 - 기타,안전운전불이행,포장 - 건조,맑음,교차로 - 교차로안,승용,남,21세,상해없음,보행자,남,53세,중상
158,2021121700100508,2021년 12월 17일 18시,금요일,경상남도 거제시 고현동,경상사고,0,0,1,0,차대사람 - 기타,안전운전불이행,포장 - 건조,맑음,단일로 - 기타,이륜,남,19세,상해없음,보행자,남,18세,경상
159,2021122200100413,2021년 12월 22일 17시,수요일,경상남도 거제시 양정동,경상사고,0,0,1,0,차대사람 - 횡단중,기타,포장 - 건조,맑음,교차로 - 교차로부근,승용,여,40세,상해없음,보행자,남,64세,경상
160,2021122400100542,2021년 12월 24일 20시,금요일,경상남도 거제시 고현동,중상사고,0,1,1,0,차대사람 - 차도통행중,안전운전불이행,포장 - 건조,맑음,단일로 - 기타,이륜,남,27세,경상,보행자,여,55세,중상
161,2021122800100074,2021년 12월 28일 07시,화요일,경상남도 거제시 거제면,중상사고,0,1,0,0,차대사람 - 횡단중,보행자보호의무위반,포장 - 건조,맑음,단일로 - 기타,승용,여,58세,상해없음,보행자,여,56세,중상
162,2021122900100037,2021년 12월 29일 06시,수요일,경상남도 거제시 옥포동,경상사고,0,0,1,0,차대사람 - 차도통행중,안전운전불이행,포장 - 건조,맑음,교차로 - 교차로안,화물,남,66세,상해없음,보행자,남,38세,경상
163,2021123000100579,2021년 12월 30일 21시,목요일,경상남도 거제시 고현동,경상사고,0,0,1,0,차대사람 - 기타,안전운전불이행,포장 - 건조,맑음,단일로 - 기타,승합,남,45세,상해없음,보행자,남,40세,경상